"City","year","quarter_3m","SP","LP","DOM","dollar_per_sqft","Cap_Rate_Pct","GRM","dollar_per_unit","count","QoQ_perc_change_SP","price_diff","period_index","period","period_label"
"MONTCLAIR",2018,1,750000,750000,0,208.797327394209,4.15942186666667,10.5166890676433,187500,4,NA,0,8072,"2018-Q1","2018-Q1"
"ONTARIO",2018,1,608000,600000,14,258.503401360544,3.79994247191011,11.3177687938571,220000,18,NA,-8000,8072,"2018-Q1","2018-Q1"
"POMONA",2018,1,567750,567500,25.5,238.522181496461,4.12003882137374,11.1105320378081,203125,36,NA,-250,8072,"2018-Q1","2018-Q1"
"REDLANDS",2018,1,629500,629499.5,24.5,217.4818534179,5.14381971601597,8.91582794151097,166585,8,NA,-0.5,8072,"2018-Q1","2018-Q1"
"UPLAND",2018,1,787500,797444,200.5,259.84765950713,3.59156251428571,11.5319083054716,196875,12,NA,9944,8072,"2018-Q1","2018-Q1"
"MONTCLAIR",2018,2,832500,804000,18,218.682616377103,3.71756979650743,11.7145833868645,208125,4,11,-28500,8073,"2018-Q2","2018-Q2"
"ONTARIO",2018,2,497000,448000,20,262.396694214876,3.70624098765432,12.422014592389,222500,34,-18.2565789473684,-49000,8073,"2018-Q2","2018-Q2"
"POMONA",2018,2,620000,580000,33,266.959798994975,3.84580096861254,11.2543297075278,197250,50,9.20299427564949,-40000,8073,"2018-Q2","2018-Q2"
"REDLANDS",2018,2,592500,607000,20.5,205.282175842629,4.9073877891437,9.49989636789691,181375,8,-5.87768069896743,14500,8073,"2018-Q2","2018-Q2"
"UPLAND",2018,2,777500,833500,36,254.918669472674,3.44301127644222,12.9856199028817,238125,8,-1.26984126984127,56000,8073,"2018-Q2","2018-Q2"
"CLAREMONT",2018,3,1010500,1043750,43,504.356004356004,2.30281721786168,24.2751905794648,505250,4,NA,33250,8074,"2018-Q3","2018-Q3"
"MONTCLAIR",2018,3,510000,525000,23,251.597444089457,3.3524912,13.5786705807999,255000,6,-38.7387387387387,15000,8074,"2018-Q3","2018-Q3"
"ONTARIO",2018,3,431000,449000,17,251.914052852556,4.04031064935065,11.667016677167,215500,26,-13.2796780684105,18000,8074,"2018-Q3","2018-Q3"
"POMONA",2018,3,555000,549000,19,254.084089776261,4.71705978552618,9.88837367487353,186875,28,-10.4838709677419,-6000,8074,"2018-Q3","2018-Q3"
"REDLANDS",2018,3,625000,632449.5,28.5,190.86402632224,4.95294242424242,9.67500031228685,185000,12,5.48523206751055,7449.5,8074,"2018-Q3","2018-Q3"
"UPLAND",2018,3,760000,764950,11.5,271.500931685169,3.49906518976016,12.8873902808211,235600,12,-2.2508038585209,4950,8074,"2018-Q3","2018-Q3"
"CLAREMONT",2018,4,692500,685000,17.5,320.093457943925,3.31412790201415,16.7524309580881,346250,4,-31.4695695200396,-7500,8075,"2018-Q4","2018-Q4"
"MONTCLAIR",2018,4,630000,625000,11,251.597444089457,4.30946054651396,13.259869447114,265000,6,23.5294117647059,-5000,8075,"2018-Q4","2018-Q4"
"ONTARIO",2018,4,546000,525000,38.5,255.272115224279,3.96028732826748,11.1487720857026,203666.5,44,26.6821345707657,-21000,8075,"2018-Q4","2018-Q4"
"POMONA",2018,4,530000,549000,25,255.431591309454,3.49386313465784,12.6228850397913,226500,26,-4.5045045045045,19000,8075,"2018-Q4","2018-Q4"
"REDLANDS",2018,4,495000,495000,13,210.555555555556,4.3757637735849,10.2803469603537,189500,13,-20.8,0,8075,"2018-Q4","2018-Q4"
"UPLAND",2018,4,552500,552500,6,278.758829465187,3.43553570093458,13.9177519651606,267500,6,-27.3026315789474,0,8075,"2018-Q4","2018-Q4"
"MONTCLAIR",2019,1,642500,659900,21,220.755910500386,3.83545081686429,11.9336973774293,218125,4,1.98412698412698,17400,8076,"2019-Q1","2019-Q1"
"ONTARIO",2019,1,540000,545000,11,262.84348864994,4.05698956521739,12.0796956192811,228750,26,-1.0989010989011,5000,8076,"2019-Q1","2019-Q1"
"POMONA",2019,1,612500,620000,84,202.745849297573,4.28079212598425,11.087242983303,211666.666666667,26,15.5660377358491,7500,8076,"2019-Q1","2019-Q1"
"REDLANDS",2019,1,427500,430000,22.5,196.900406504065,5.3246431062236,8.51919692990089,169375,10,-13.6363636363636,2500,8076,"2019-Q1","2019-Q1"
"UPLAND",2019,1,698500,747499.5,30,262.084033847847,3.69341901307143,12.4088462241469,229000,4,26.4253393665158,48999.5,8076,"2019-Q1","2019-Q1"
"CLAREMONT",2019,2,1032500,1057500,8,403.193968053905,2.76138149028749,18.9870895991774,403750,4,49.0974729241877,25000,8077,"2019-Q2","2019-Q2"
"MONTCLAIR",2019,2,619000,624875,49.5,250.133825566783,3.98389281850484,11.6336244460028,212625,4,-3.65758754863813,5875,8077,"2019-Q2","2019-Q2"
"ONTARIO",2019,2,415000,450000,81,293.745851747527,3.90445516920557,11.3707807206477,207500,16,-23.1481481481481,35000,8077,"2019-Q2","2019-Q2"
"POMONA",2019,2,565000,575000,25,244.755244755245,4.04353291925466,11.077406439262,202500,34,-7.75510204081633,10000,8077,"2019-Q2","2019-Q2"
"REDLANDS",2019,2,537000,547000,14.5,215.550109177273,4.75582520576309,9.51420012873577,175000,12,25.6140350877193,10000,8077,"2019-Q2","2019-Q2"
"UPLAND",2019,2,612500,612450,42,322.265744393059,3.53501113060429,12.8475854181063,225000,16,-12.3120973514674,-50,8077,"2019-Q2","2019-Q2"
"CLAREMONT",2019,3,760000,765000,11,303.635637235318,3.12421631578947,17.3499962697508,380000,2,-26.3922518159806,5000,8078,"2019-Q3","2019-Q3"
"MONTCLAIR",2019,3,790000,799999,49,230.859146697838,4.10836050632911,10.8853554253365,197500,2,27.6252019386107,9999,8078,"2019-Q3","2019-Q3"
"ONTARIO",2019,3,659888,549800,21,274.953333333333,3.77886469565217,12.360734968084,202250,22,59.009156626506,-110088,8078,"2019-Q3","2019-Q3"
"POMONA",2019,3,540000,529500,32,294.394110985277,3.26796538461538,14.0337922923174,257475,22,-4.42477876106195,-10500,8078,"2019-Q3","2019-Q3"
"REDLANDS",2019,3,437500,454750,26,264.692874748743,4.11481266011085,10.5105973412733,185000,10,-18.5288640595903,17250,8078,"2019-Q3","2019-Q3"
"UPLAND",2019,3,887500,941399.5,21,277.031247887429,3.48677508199643,13.2410977556432,256541.666666667,12,44.8979591836735,53899.5,8078,"2019-Q3","2019-Q3"
"CLAREMONT",2019,4,857500,847000,5,537.741336229665,2.35536507971262,21.4074381393547,428750,4,12.8289473684211,-10500,8079,"2019-Q4","2019-Q4"
"ONTARIO",2019,4,580000,589500,19.5,276.995599376114,4.32467338352941,10.9649692568571,210416.666666667,20,-12.1062968261281,9500,8079,"2019-Q4","2019-Q4"
"POMONA",2019,4,700000,750000,39,256.276150627615,3.76778697142857,12.5566846352702,239500,26,29.6296296296296,50000,8079,"2019-Q4","2019-Q4"
"REDLANDS",2019,4,560000,565000,17,231.824925816024,4.01542820236814,11.9989675463189,216875,13,28,5000,8079,"2019-Q4","2019-Q4"
"UPLAND",2019,4,580000,595000,7,254.555198285102,3.52670095238095,12.3021825954158,237500,10,-34.6478873239437,15000,8079,"2019-Q4","2019-Q4"
"CLAREMONT",2020,1,640000,655000,63,441.379310344828,2.597339375,24.0123315328587,640000,2,-25.3644314868805,15000,8080,"2020-Q1","2020-Q1"
"MONTCLAIR",2020,1,685000,699900,32,248.072429906542,4.58834765432099,10.4806048256121,200000,10,-13.2911392405063,14900,8080,"2020-Q1","2020-Q1"
"ONTARIO",2020,1,780000,888000,29,254.652301665034,4.10794871794872,10.8357570475065,216666.666666667,22,34.4827586206897,108000,8080,"2020-Q1","2020-Q1"
"POMONA",2020,1,780000,780000,60,256.916996047431,4.24317654196158,10.5043046248242,195000,22,11.4285714285714,0,8080,"2020-Q1","2020-Q1"
"REDLANDS",2020,1,650000,689900,101,250,4.68217718518518,9.41098446760932,165625,7,16.0714285714286,39900,8080,"2020-Q1","2020-Q1"
"UPLAND",2020,1,975000,1050000,67,261.254019292604,3.81779774358974,12.6060967893784,243750,6,68.1034482758621,75000,8080,"2020-Q1","2020-Q1"
"CLAREMONT",2020,2,1036000,899000,19,468.91748824822,2.02641097515758,28.4576810541611,596125,6,61.875,-137000,8081,"2020-Q2","2020-Q2"
"MONTCLAIR",2020,2,860000,847000,45,239.420935412027,4.40928372093023,11.0317862810732,215000,4,25.5474452554745,-13000,8081,"2020-Q2","2020-Q2"
"ONTARIO",2020,2,525000,518000,8,302.544380773007,3.49825072164949,12.3498956347657,235000,10,-32.6923076923077,-7000,8081,"2020-Q2","2020-Q2"
"POMONA",2020,2,540000,499999,60,283.43949044586,3.7692296,13.201606723549,256666.666666667,18,-30.7692307692308,-40001,8081,"2020-Q2","2020-Q2"
"REDLANDS",2020,2,700000,675000,19,199.700449326011,5.834323,9.2171649788655,200000,7,7.69230769230769,-25000,8081,"2020-Q2","2020-Q2"
"UPLAND",2020,2,552875,564450,19.5,281.195607471043,3.15932737987159,14.7427037516259,276437.5,4,-43.2948717948718,11575,8081,"2020-Q2","2020-Q2"
"CLAREMONT",2020,3,1800000,1850000,2,356.012658227848,1.47428972222222,54.3793344043835,600000,4,73.7451737451737,50000,8082,"2020-Q3","2020-Q3"
"MONTCLAIR",2020,3,530000,549900,150,306.712962962963,3.31066943396226,14.0932903493296,265000,2,-38.3720930232558,19900,8082,"2020-Q3","2020-Q3"
"ONTARIO",2020,3,699000,699900,89,268.665158371041,4.22263277909739,11.6741870150461,219750,18,33.1428571428571,900,8082,"2020-Q3","2020-Q3"
"POMONA",2020,3,650000,650000,27,295.831465710444,3.27862362204724,15.5335492863618,260500,14,20.3703703703704,0,8082,"2020-Q3","2020-Q3"
"REDLANDS",2020,3,475000,499500,16,249.204665959703,3.97624622222222,11.8567364759692,225000,13,-32.1428571428571,24500,8082,"2020-Q3","2020-Q3"
"UPLAND",2020,3,513850,524444,49,376.47716740988,3.10118781741715,16.0240748516623,275000,8,-7.05855754013113,10594,8082,"2020-Q3","2020-Q3"
"CLAREMONT",2020,4,1150000,1296000,47,414.431811919192,2.86192117841079,18.022900857111,362500,8,-36.1111111111111,146000,8083,"2020-Q4","2020-Q4"
"MONTCLAIR",2020,4,625000,649900,16,244.140625,4.07173504,13.7337451786864,312500,2,17.9245283018868,24900,8083,"2020-Q4","2020-Q4"
"ONTARIO",2020,4,669000,669000,35,265.113137453563,3.89435630769231,11.7321497507478,224583.333333333,42,-4.29184549356223,0,8083,"2020-Q4","2020-Q4"
"POMONA",2020,4,620000,599900,29,337.627723154039,3.91892565217391,12.0776537694216,230000,22,-4.61538461538462,-20100,8083,"2020-Q4","2020-Q4"
"REDLANDS",2020,4,595000,590000,12,286.836659174387,4.47648982254029,11.4649492237941,216666.666666667,14,25.2631578947368,-5000,8083,"2020-Q4","2020-Q4"
"UPLAND",2020,4,618000,589000,7,260.675273088381,3.90155961904762,14.9506717454954,314750,6,20.2685608640654,-29000,8083,"2020-Q4","2020-Q4"
"MONTCLAIR",2021,1,530000,535000,75,291.305062458909,3.24023449691992,18.868697961429,370000,10,-15.2,5000,8084,"2021-Q1","2021-Q1"
"ONTARIO",2021,1,605000,615000,31,318.840579710145,4.07685197228899,13.3616429494136,289375,22,-9.56651718983558,10000,8084,"2021-Q1","2021-Q1"
"POMONA",2021,1,545000,540000,11,294.682895579757,4.43475798561151,11.4099837324825,230000,26,-12.0967741935484,-5000,8084,"2021-Q1","2021-Q1"
"REDLANDS",2021,1,588000,588000,3,283.446712018141,4.464271,11.5246659704972,226666.666666667,13,-1.17647058823529,0,8084,"2021-Q1","2021-Q1"
"UPLAND",2021,1,710000,659000,4,289.511153298529,4.20339887323944,11.846338243457,235000,10,14.8867313915858,-51000,8084,"2021-Q1","2021-Q1"
"CLAREMONT",2021,2,1180000,1180000,0,428.934932751727,3.15111101694915,17.5404407496547,393333.333333333,2,2.60869565217391,0,8085,"2021-Q2","2021-Q2"
"MONTCLAIR",2021,2,795000,782500,9,279.078389830509,3.59216540598291,14.465898504164,302250,8,50,-12500,8085,"2021-Q2","2021-Q2"
"ONTARIO",2021,2,652000,649000,20,322.222222222222,3.72230256898192,13.4904733492554,275000,38,7.76859504132231,-3000,8085,"2021-Q2","2021-Q2"
"POMONA",2021,2,750000,774900,35,275.229357798165,4.46571909090909,11.4282318468251,240000,34,37.6146788990826,24900,8085,"2021-Q2","2021-Q2"
"REDLANDS",2021,2,682500,699500,13,277.070780900493,4.98914060770975,10.6205198257884,214062.5,14,16.0714285714286,17000,8085,"2021-Q2","2021-Q2"
"UPLAND",2021,2,987500,1012000,21.5,280.400920348015,4.30456515873016,11.9208815173793,252250,16,39.0845070422535,24500,8085,"2021-Q2","2021-Q2"
"CLAREMONT",2021,3,1060000,1250000,32,456.014516138583,2.56635843841771,26.2265305281839,358333.333333333,8,-10.1694915254237,190000,8086,"2021-Q3","2021-Q3"
"MONTCLAIR",2021,3,650000,629990,27,287.93189784677,4.1905320066335,13.3027691732614,301500,6,-18.2389937106918,-20010,8086,"2021-Q3","2021-Q3"
"ONTARIO",2021,3,703500,711500,21,307.966003789482,4.3046978145687,12.9970919391581,287500,28,7.89877300613497,8000,8086,"2021-Q3","2021-Q3"
"POMONA",2021,3,680000,649000,22,277.678889284443,5.33200852941176,10.2490430031456,232500,50,-9.33333333333333,-31000,8086,"2021-Q3","2021-Q3"
"REDLANDS",2021,3,726000,710000,23,319.89247311828,3.60813278236915,14.9616102141368,285083.333333333,21,6.37362637362637,-16000,8086,"2021-Q3","2021-Q3"
"UPLAND",2021,3,700000,689888,9,346.446133214126,4.31518141935484,12.1984511398359,222916.666666667,10,-29.1139240506329,-10112,8086,"2021-Q3","2021-Q3"
"CLAREMONT",2021,4,850000,899999,89,441.787941787942,1.66588258823529,35.1384840728827,NA,2,-19.811320754717,49999,8087,"2021-Q4","2021-Q4"
"MONTCLAIR",2021,4,750000,750000,0,285.647933116581,4.8848792,11.2398963447767,253125,6,15.3846153846154,0,8087,"2021-Q4","2021-Q4"
"ONTARIO",2021,4,725000,724999,16,343.162392112597,3.87510152589241,14.3901086983969,326875,48,3.05614783226724,-1,8087,"2021-Q4","2021-Q4"
"POMONA",2021,4,712500,753500,37,316.523605150215,4.70334806163328,12.1784889140321,275000,32,4.77941176470588,41000,8087,"2021-Q4","2021-Q4"
"REDLANDS",2021,4,550000,550000,6.5,320.410169388686,4.51839907486631,11.9232004884107,241666.666666667,14,-24.2424242424242,0,8087,"2021-Q4","2021-Q4"
"UPLAND",2021,4,1095000,1099500,8,363.524101736996,4.04079224292616,13.5552764411706,301250,8,56.4285714285714,4500,8087,"2021-Q4","2021-Q4"
"MONTCLAIR",2022,1,1305000,1162500,20,336.441025641026,4.52565150639683,12.6673556633418,292300,4,74,-142500,8088,"2022-Q1","2022-Q1"
"ONTARIO",2022,1,700000,689950,14,343.167722181514,4.63190100202429,12.2993002879641,287708.333333333,20,-3.44827586206897,-10050,8088,"2022-Q1","2022-Q1"
"POMONA",2022,1,800000,775000,31,348.095737246681,4.83334791366906,11.4627894927486,255000,34,12.280701754386,-25000,8088,"2022-Q1","2022-Q1"
"REDLANDS",2022,1,815000,832000,8.5,308.333333333333,4.68343022022022,11.9798000398576,271666.666666667,8,48.1818181818182,17000,8088,"2022-Q1","2022-Q1"
"UPLAND",2022,1,1020000,994950,20.5,348.75,4.26164420107797,13.383346290603,300833.333333333,8,-6.84931506849315,-25050,8088,"2022-Q1","2022-Q1"
"CLAREMONT",2022,2,1170000,1160000,8.5,515.615615615616,2.07005961854103,38.2695346660521,470000,4,37.6470588235294,-10000,8089,"2022-Q2","2022-Q2"
"MONTCLAIR",2022,2,745000,685000,6,413.888888888889,4.21959781818182,12.711534964533,285400,6,-42.911877394636,-60000,8089,"2022-Q2","2022-Q2"
"ONTARIO",2022,2,1225000,1245000,23.5,350.477277015235,3.9929487948718,13.0924464324433,275000,20,75,20000,8089,"2022-Q2","2022-Q2"
"POMONA",2022,2,795000,798000,27,356.502242152466,4.84139966386555,11.9735362314399,265333.333333333,26,-0.625,3000,8089,"2022-Q2","2022-Q2"
"REDLANDS",2022,2,1002500,948000,10,340.379403794038,4.65225842696629,11.8823168168233,252500,7,23.0061349693252,-54500,8089,"2022-Q2","2022-Q2"
"UPLAND",2022,2,2880000,2862500,5,322.21670284505,4.24396078923336,12.6395180539591,280892.857142857,8,182.352941176471,-17500,8089,"2022-Q2","2022-Q2"
"CLAREMONT",2022,3,1062500,1065000,6.5,520.757100362658,1.97920965526409,33.3401939584937,520000,4,-9.18803418803419,2500,8090,"2022-Q3","2022-Q3"
"MONTCLAIR",2022,3,1577000,1547000,42,377.272727272727,3.84608142041852,13.0511024565005,262833.333333333,2,111.677852348993,-30000,8090,"2022-Q3","2022-Q3"
"ONTARIO",2022,3,920000,899000,10,345.604808414726,3.95798390243902,16.1959353272361,410000,6,-24.8979591836735,-21000,8090,"2022-Q3","2022-Q3"
"POMONA",2022,3,907500,872500,11,337.29213311391,4.45042343243243,11.5579569402981,274000,20,14.1509433962264,-35000,8090,"2022-Q3","2022-Q3"
"REDLANDS",2022,3,712500,762500,28.5,390.533805495442,3.24499659533205,15.2169456691118,278175,12,-28.927680798005,50000,8090,"2022-Q3","2022-Q3"
"UPLAND",2022,3,745000,675000,14,414.349276974416,3.5725777181208,15.9611947149206,372500,2,-74.1319444444444,-70000,8090,"2022-Q3","2022-Q3"
"CLAREMONT",2022,4,7162500,7000000,21.5,353.121505588361,3.27280437483954,17.9051297531037,414583.333333333,4,574.117647058824,-162500,8091,"2022-Q4","2022-Q4"
"MONTCLAIR",2022,4,735000,755000,136,425.347222222222,3.55601034013605,15.9102356195498,360125,6,-53.3925174381737,20000,8091,"2022-Q4","2022-Q4"
"ONTARIO",2022,4,555000,550000,20,346.643518518518,4.06008073483283,13.9525108648957,277500,12,-39.6739130434783,-5000,8091,"2022-Q4","2022-Q4"
"POMONA",2022,4,705000,669999,51.5,354.820855561622,3.38721712841419,15.0391587501548,332250,24,-22.3140495867769,-35001,8091,"2022-Q4","2022-Q4"
"REDLANDS",2022,4,800000,850000,29,317.934782608696,4.37182577777778,12.5975554695562,257500,11,12.280701754386,50000,8091,"2022-Q4","2022-Q4"
"UPLAND",2022,4,1219500,1250000,28,331.71087855926,4.16554295081967,13.4154942184498,305000,10,63.6912751677852,30500,8091,"2022-Q4","2022-Q4"
"CLAREMONT",2023,1,12050000,12050000,0,2443.723382681,0.594112863070539,98.980948015699,2410000,36,68.2373472949389,0,8092,"2023-Q1","2023-Q1"
"MONTCLAIR",2023,1,690000,680000,20,410.225921521998,2.95873101449275,17.0474574532522,289166.666666667,6,-6.12244897959184,-10000,8092,"2023-Q1","2023-Q1"
"ONTARIO",2023,1,888500,924919,27.5,315.17874920096,3.57367853763441,13.872678558773,285312.5,28,60.0900900900901,36419,8092,"2023-Q1","2023-Q1"
"POMONA",2023,1,2100000,2100000,0,500.192331683786,3.06797110119048,19.1831387883306,416666.666666667,140,197.872340425532,0,8092,"2023-Q1","2023-Q1"
"REDLANDS",2023,1,769000,774949.5,19.5,348.350914100049,3.7227465981087,13.8018157053926,277500,8,-3.875,5949.5,8092,"2023-Q1","2023-Q1"
"UPLAND",2023,1,543500,850000,0,333.435582822086,2.57246807727691,22.6351156060938,NA,2,-55.4325543255433,306500,8092,"2023-Q1","2023-Q1"
"CLAREMONT",2023,2,1068000,999900,22,522.504892367906,2.81337790262172,21.3144399583003,534000,6,-91.1369294605809,-68100,8093,"2023-Q2","2023-Q2"
"ONTARIO",2023,2,879500,889500,23,366.225270985816,3.91165167998459,14.3094127303213,330000,20,-1.01294316263365,10000,8093,"2023-Q2","2023-Q2"
"POMONA",2023,2,939000,940000,6.5,358.600233180166,4.00493969773661,13.6976067142704,298000,24,-55.2857142857143,1000,8093,"2023-Q2","2023-Q2"
"REDLANDS",2023,2,660000,599500,15,385.298954525677,2.60087195238095,17.8914812584727,310000,6,-14.1742522756827,-60500,8093,"2023-Q2","2023-Q2"
"UPLAND",2023,2,660000,690000,1,324.643384161338,4.43250363636364,11.1214979161346,220000,2,21.4351425942962,30000,8093,"2023-Q2","2023-Q2"
"CLAREMONT",2023,3,2200000,2200000,5.5,506.481836147145,1.75799702822357,36.2930048884847,897500,8,105.992509363296,0,8094,"2023-Q3","2023-Q3"
"MONTCLAIR",2023,3,710000,734999.5,23,375.614799035118,3.89379015873016,14.8836386347319,355000,4,2.89855072463768,24999.5,8094,"2023-Q3","2023-Q3"
"ONTARIO",2023,3,1200000,1300000,8,359.603340292276,4.14780619111709,13.7339116968125,338875,22,36.4411597498579,100000,8094,"2023-Q3","2023-Q3"
"POMONA",2023,3,900000,900000,10,346.534653465347,4.1258606993007,14.4269851693014,306250,34,-4.15335463258786,0,8094,"2023-Q3","2023-Q3"
"REDLANDS",2023,3,722500,732500,16,365.835450962035,3.83004767049808,15.8426686319241,318666.666666667,12,9.46969696969697,10000,8094,"2023-Q3","2023-Q3"
"SAN BERNARDINO",2023,3,530000,620000,63,292.817679558011,5.56980528301887,10.6898011713118,265000,1,NA,90000,8094,"2023-Q3","2023-Q3"
"UPLAND",2023,3,1375000,1398000,22,319.990691179893,4.35238050909091,13.7547822626971,343750,6,108.333333333333,23000,8094,"2023-Q3","2023-Q3"
"CLAREMONT",2023,4,1087500,1092500,20,572.67032967033,2.38903359053498,23.5825473453318,543750,4,-50.5681818181818,5000,8095,"2023-Q4","2023-Q4"
"ONTARIO",2023,4,745000,738000,13,402.476780185759,3.89122684563758,14.993906871691,353750,10,-37.9166666666667,-7000,8095,"2023-Q4","2023-Q4"
"POMONA",2023,4,832500,822500,11.5,332.004340951194,4.23292782163743,13.8927645904485,293750,32,-7.5,-10000,8095,"2023-Q4","2023-Q4"
"REDLANDS",2023,4,973750,949450,8.5,343.814248190259,4.18430776432746,13.9584797416679,330312.5,2,34.7750865051903,-24300,8095,"2023-Q4","2023-Q4"
"UPLAND",2023,4,725000,703000,22,444.230769230769,3.16773737373737,16.4951221567337,346500,6,-47.2727272727273,-22000,8095,"2023-Q4","2023-Q4"
"CLAREMONT",2024,1,2160000,2160000,0,168.776371308017,8.84434444444444,6.93646429917433,180000,2,98.6206896551724,0,8096,"2024-Q1","2024-Q1"
"MONTCLAIR",2024,1,750000,750000,186,349.162011173184,3.95195573333333,15.0906440662742,375000,2,5.63380281690141,0,8096,"2024-Q1","2024-Q1"
"ONTARIO",2024,1,774000,789000,31,338.199013157895,3.50059915529529,13.6549106105244,263333.333333333,24,3.89261744966443,15000,8096,"2024-Q1","2024-Q1"
"POMONA",2024,1,862500,831500,25,357.969347025344,4.40976633481646,12.62428473681,290000,28,3.6036036036036,-31000,8096,"2024-Q1","2024-Q1"
"REDLANDS",2024,1,725000,780000,51.5,299.181200447248,4.96758493506493,12.3220266525758,312500,2,-25.5455712451861,55000,8096,"2024-Q1","2024-Q1"
"UPLAND",2024,1,1350000,1370000,6,343.843098311817,4.00060303249098,14.3947845968032,337500,6,86.2068965517241,20000,8096,"2024-Q1","2024-Q1"
"CLAREMONT",2024,2,1850000,1850000,25,431.63789080728,2.82126972972973,22.4832466391496,616666.666666667,6,-14.3518518518519,0,8097,"2024-Q2","2024-Q2"
"MONTCLAIR",2024,2,1010000,999000,8,284.346846846847,5.11688633663366,11.0021124927441,252500,2,34.6666666666667,-11000,8097,"2024-Q2","2024-Q2"
"ONTARIO",2024,2,775000,769000,32,378.367003367003,3.78290648648649,15.1461656787471,357500,22,0.129198966408269,-6000,8097,"2024-Q2","2024-Q2"
"POMONA",2024,2,722500,707500,13.5,353.581622118696,3.9729405836271,14.4688545830763,347500,24,-16.231884057971,-15000,8097,"2024-Q2","2024-Q2"
"REDLANDS",2024,2,905000,900000,10,361.491628614916,3.78973305263158,13.9002378172333,259791.666666667,9,24.8275862068966,-5000,8097,"2024-Q2","2024-Q2"
"UPLAND",2024,2,820000,699000,10,430.672268907563,2.91598832116788,17.1102338681718,342500,10,-39.2592592592593,-121000,8097,"2024-Q2","2024-Q2"
"CLAREMONT",2024,3,979000,989000,29,460.489181561618,3.26947211440245,18.8022877409929,489500,2,-47.0810810810811,10000,8098,"2024-Q3","2024-Q3"
"MONTCLAIR",2024,3,930000,914975,4.5,377.724307986001,4.4168683027027,13.5492936803439,326250,4,-7.92079207920792,-15025,8098,"2024-Q3","2024-Q3"
"ONTARIO",2024,3,930500,905000,6.5,306.024774774775,4.17801080830281,13.6818679392311,315000,20,20.0645161290323,-25500,8098,"2024-Q3","2024-Q3"
"POMONA",2024,3,682500,682000,7,350.713084861581,4.68323098245614,12.2151458307892,287500,20,-5.5363321799308,-500,8098,"2024-Q3","2024-Q3"
"REDLANDS",2024,3,680000,690000,44,290.948275862069,2.97113370786517,17.2533936917939,313750,5,-24.8618784530387,10000,8098,"2024-Q3","2024-Q3"
"SAN BERNARDINO",2024,3,535000,575000,8,272.403258655805,5.47713719626168,10.8381464832828,267500,1,0.943396226415094,40000,8098,"2024-Q3","2024-Q3"
"UPLAND",2024,3,1050000,1185000,20,374.981041984236,3.85943179090909,14.8634926340137,350000,4,28.0487804878049,135000,8098,"2024-Q3","2024-Q3"
"CLAREMONT",2024,4,1500000,1700000,5,238.549618320611,1.00464813333333,59.7616180768855,NA,2,53.217568947906,200000,8099,"2024-Q4","2024-Q4"
"MONTCLAIR",2024,4,2165500,2187500,44.5,365.736571668314,3.41057685019206,15.3927180773041,331788.461538462,4,132.849462365591,22000,8099,"2024-Q4","2024-Q4"
"ONTARIO",2024,4,910000,883950,41,334.798943497745,3.96770035136202,14.1714140774134,303333.333333333,12,-2.20311660397636,-26050,8099,"2024-Q4","2024-Q4"
"POMONA",2024,4,780816,836943.5,25,324.813843668448,4.80131397511854,11.1403337988321,277500,24,14.4052747252747,56127.5,8099,"2024-Q4","2024-Q4"
"REDLANDS",2024,4,1021125,1080000,27.5,329.176334106729,3.98527841946736,12.8919776642032,283750,10,50.1654411764706,58875,8099,"2024-Q4","2024-Q4"
"UPLAND",2024,4,917500,969500,45,379.871720660795,3.70717191877637,12.8468790969575,234125,16,-12.6190476190476,52000,8099,"2024-Q4","2024-Q4"
"CLAREMONT",2025,1,2015000,2015000,0,595.688350983359,2.99479212698413,18.0437223106193,393750,6,34.3333333333333,0,8100,"2025-Q1","2025-Q1"
"ONTARIO",2025,1,926160,980600,46,337.476373442265,3.76504816927876,14.8447302258626,300000,16,1.77582417582418,54440,8100,"2025-Q1","2025-Q1"
"POMONA",2025,1,700000,690000,20,432.08895949166,3.45862866666667,14.7016404972565,288000,18,-10.3501977418496,-10000,8100,"2025-Q1","2025-Q1"
"REDLANDS",2025,1,658500,624975,56,371.203703703704,3.42118297688752,14.1245783677638,283416.666666667,2,-35.5123026074183,-33525,8100,"2025-Q1","2025-Q1"
"UPLAND",2025,1,989000,1098000,109,331.545424069728,3.61839259022676,16.1782137879594,395687.5,10,7.79291553133515,109000,8100,"2025-Q1","2025-Q1"
"CLAREMONT",2025,2,1250000,1250000,0,425.367362722351,3.53304775757576,16.7656878675191,400000,6,-37.9652605459057,0,8101,"2025-Q2","2025-Q2"
"MONTCLAIR",2025,2,1390000,1395000,86,556,3.27928863309352,21.1754307966203,559750,6,-35.8115908566151,5000,8101,"2025-Q2","2025-Q2"
"ONTARIO",2025,2,912000,999000,19,336.538461538462,4.91354690909091,11.6811245006532,260000,22,-1.52889349572428,87000,8101,"2025-Q2","2025-Q2"
"POMONA",2025,2,664500,677000,20.5,406.094730728307,4.29619992548638,12.8758053077826,273125,16,-5.07142857142857,12500,8101,"2025-Q2","2025-Q2"
"REDLANDS",2025,2,767500,1010000,82,319.198260320653,3.74957804184695,15.5220659128929,325000,8,16.5527714502658,242500,8101,"2025-Q2","2025-Q2"
"UPLAND",2025,2,1250000,1275000,12,340.119165839126,3.63811760299625,14.2269964006738,337500,18,26.3902932254803,25000,8101,"2025-Q2","2025-Q2"
"CLAREMONT",2025,3,1237500,1237500,1.5,644.479250855757,2.28049221907068,33.2785355078481,325416.666666667,8,-1,0,8102,"2025-Q3","2025-Q3"
"MONTCLAIR",2025,3,3920000,4249900,351,390.282755874154,3.10412265306122,16.1955625414619,326666.666666667,2,182.014388489209,329900,8102,"2025-Q3","2025-Q3"
"ONTARIO",2025,3,810000,815000,52.5,406.218655967904,3.49491395061728,16.7631062158084,377000,16,-11.1842105263158,5000,8102,"2025-Q3","2025-Q3"
"POMONA",2025,3,834000,883000,17,421.898686970889,4.05158483719647,14.9596810381605,325833.333333333,32,25.5079006772009,49000,8102,"2025-Q3","2025-Q3"
"REDLANDS",2025,3,800000,800000,42.5,367.149243433346,4.00405289333333,13.7658649197631,300000,6,4.23452768729642,0,8102,"2025-Q3","2025-Q3"
"UPLAND",2025,3,1025000,1324500,67.5,339.021483125972,4.32197691729745,12.4636360460618,302708.333333333,20,-18,299500,8102,"2025-Q3","2025-Q3"
